page,type,canonical,intent,primary_keyword,supporting_keywords,title,title_length,description,description_length
about.html,about,/about.html,Navigational,About Zamm Devolopers,Zamm Devolopers | website development Chennai | SEO-friendly website company,About Zamm Devolopers | Web Development Company Chennai,55,"Meet Zamm Devolopers, a Chennai web development company led by Ahamed Sherif, creating customized, responsive and SEO-ready business websites.",142
blog.html,blog-index,/blog.html,Navigational,Web Development & SEO Blog for Businesses,Zamm Devolopers | website development Chennai | SEO-friendly website company,Web Development & SEO Blog for Businesses | Zamm,48,"Read practical web development, SEO, local search, landing page and ecommerce guides created by Zamm Devolopers for businesses planning online growth.",150
contact-form-best-practices.html,article,/contact-form-best-practices.html,Informational,Business Website Contact Form Best Practices,business website guide | website development Chennai | Zamm Devolopers,Business Website Contact Form Best Practices | Zamm,51,"Improve website enquiries with contact form best practices covering field length, clarity, mobile usability, confirmation and response expectations.",148
contact.html,contact,/contact.html,Commercial,Contact Zamm Devolopers,Zamm Devolopers | website development Chennai | SEO-friendly website company,Contact Zamm Devolopers | Web Development Chennai,49,"Contact Zamm Devolopers in Ramapuram, Chennai for custom websites, SEO, landing pages, ecommerce development, redesign and website maintenance.",143
difference-between-a-landing-page-and-a-website.html,article,/difference-between-a-landing-page-and-a-website.html,Informational,Landing Page vs Website: Key Differences,business website guide | website development Chennai | Zamm Devolopers | landing page development Chennai | Google Ads landing page,Landing Page vs Website: Key Differences | Zamm,47,"A landing page focuses on one campaign or action, while a full website provides broader information across several connected pages.",131
ecommerce-product-page-checklist.html,article,/ecommerce-product-page-checklist.html,Informational,E-Commerce Product Page Checklist,business website guide | website development Chennai | Zamm Devolopers | ecommerce website development Chennai | online store development,E-Commerce Product Page Checklist | Zamm,40,"Build clearer e-commerce product pages with strong images, specifications, prices, delivery information, trust signals and mobile-friendly buying actions.",154
ecommerce-website-development.html,service,/ecommerce-website-development.html,Commercial,Ecommerce Website Development Company Chennai,website company Chennai | custom business website | responsive website development | SEO-friendly website services,Ecommerce Website Development Company Chennai | Zamm,52,"Sell products online with a responsive ecommerce website, organized categories, product pages and enquiry or payment-ready features from Zamm Devolopers.",153
ecommerce-website-for-small-business.html,article,/ecommerce-website-for-small-business.html,Informational,E-Commerce Website Guide for Small Business,business website guide | website development Chennai | Zamm Devolopers | ecommerce website development Chennai | online store development,E-Commerce Website Guide for Small Business | Zamm,50,"Plan a small-business e-commerce website with clear products, pricing, payments, ordering, delivery information, support and mobile-friendly navigation.",152
essential-pages-for-business-website.html,article,/essential-pages-for-business-website.html,Informational,Essential Business Website Pages,business website guide | website development Chennai | Zamm Devolopers,Essential Business Website Pages | Zamm Devolopers,50,"Learn which essential pages a business website needs, from home and services to about, contact, FAQs, reviews and useful legal information.",139
google-business-profile-needs-a-website.html,article,/google-business-profile-needs-a-website.html,Informational,Why Google Business Profiles Need Websites,business website guide | website development Chennai | Zamm Devolopers | SEO guide for small business | search engine optimization Chennai,Why Google Business Profiles Need Websites | Zamm,49,"Learn why a website strengthens a Google Business Profile by explaining services, building trust, supporting local searches and creating clearer enquiry paths.",159
google-business-service-website.html,service,/google-business-service-website.html,Commercial,Google Business Website Development in Chennai,Google Business Website Development Chennai | website company Chennai | custom business website | responsive website development | SEO-friendly website services,Google Business Website Development in Chennai | Zamm,53,"Build a clear business website that supports your Google Business Profile, local trust and enquiries with Zamm Devolopers in Chennai.",133
how-can-a-website-generate-customer-enquiries.html,article,/how-can-a-website-generate-customer-enquiries.html,Informational,How can a website generate customer enquiries?,business website guide | website development Chennai | Zamm Devolopers,How can a website generate customer enquiries? | Zamm Devolopers,64,"A website generates enquiries by attracting relevant visitors, building trust and making the next action easy and clear.",120
how-can-i-make-my-website-appear-on-google.html,article,/how-can-i-make-my-website-appear-on-google.html,Informational,How can I make my website appear on Google?,business website guide | website development Chennai | Zamm Devolopers | SEO guide for small business | search engine optimization Chennai,How can I make my website appear on Google? | Zamm Devolopers,61,"To make a website appear on Google, ensure it can be crawled, submit it through Google Search Console and publish useful indexable pages.",137
how-can-manufacturers-get-enquiries-through-a-website.html,article,/how-can-manufacturers-get-enquiries-through-a-website.html,Informational,Manufacturer Website Enquiry Guide,business website guide | website development Chennai | Zamm Devolopers,Manufacturer Website Enquiry Guide | Zamm Devolopers,52,"Manufacturers can generate enquiries by creating detailed product and application pages, showing capability proof and providing simple quotation actions.",153
how-do-i-choose-a-website-development-company.html,article,/how-do-i-choose-a-website-development-company.html,Informational,How do I choose a website development company?,business website guide | website development Chennai | Zamm Devolopers,How do I choose a website development company? | Zamm Devolopers,64,"Choose a website development company by reviewing relevant work, process, communication, ownership terms, technical quality and post-launch support.",148
how-do-i-connect-my-website-to-google-business-profile.html,article,/how-do-i-connect-my-website-to-google-business-profile.html,Informational,Connect a Website to Google Business Profile,business website guide | website development Chennai | Zamm Devolopers | SEO guide for small business | search engine optimization Chennai,Connect a Website to Google Business Profile | Zamm,51,Connect a website to Google Business Profile by adding the correct website URL to the verified profile and keeping business details consistent.,143
how-does-a-website-work.html,article,/how-does-a-website-work.html,Informational,How does a website work?,business website guide | website development Chennai | Zamm Devolopers,How does a website work? | Zamm Devolopers,42,"A website works when a browser requests files from a server and displays the returned code, content and media as a web page.",124
how-does-seo-work.html,article,/how-does-seo-work.html,Informational,How does SEO work?,business website guide | website development Chennai | Zamm Devolopers | SEO guide for small business | search engine optimization Chennai,How does SEO work? | Zamm Devolopers,36,"Learn how SEO helps search engines crawl, understand and rank website pages through useful content, technical quality, links and search intent.",143
how-long-does-it-take-to-develop-a-website.html,article,/how-long-does-it-take-to-develop-a-website.html,Informational,How long does it take to develop a website?,business website guide | website development Chennai | Zamm Devolopers,How long does it take to develop a website? | Zamm Devolopers,61,"Website development time depends on scope, content readiness, design approval, required features, feedback speed and testing.",125
how-much-does-a-business-website-cost-in-chennai.html,article,/how-much-does-a-business-website-cost-in-chennai.html,Informational,Business Website Cost in Chennai,business website guide | website development Chennai | Zamm Devolopers,Business Website Cost in Chennai | Zamm Devolopers,50,"Learn what affects business website pricing in Chennai, including page count, design, content, products, features, hosting and customization.",141
how-much-does-an-ecommerce-website-cost.html,article,/how-much-does-an-ecommerce-website-cost.html,Informational,How much does an e-commerce website cost?,business website guide | website development Chennai | Zamm Devolopers | ecommerce website development Chennai | online store development,How much does an e-commerce website cost? | Zamm Devolopers,59,"E-commerce website cost depends on product volume, design, payments, shipping, inventory, integrations and ongoing management requirements.",139
how-much-does-website-development-cost-in-india.html,article,/how-much-does-website-development-cost-in-india.html,Informational,Website Development Cost in India,business website guide | website development Chennai | Zamm Devolopers,Website Development Cost in India | Zamm Devolopers,51,"Website development cost in India varies according to page count, design customization, content, integrations, technology and ongoing support.",142
how-often-should-a-website-be-updated.html,article,/how-often-should-a-website-be-updated.html,Informational,How often should a website be updated?,business website guide | website development Chennai | Zamm Devolopers,How often should a website be updated? | Zamm Devolopers,56,"A website should be updated whenever business information changes and reviewed regularly for content, security, performance and usability.",138
how-to-choose-domain-name-for-business.html,article,/how-to-choose-domain-name-for-business.html,Informational,How to Choose a Business Domain Name,business website guide | website development Chennai | Zamm Devolopers,How to Choose a Business Domain Name | Zamm,43,"Choose a clear business domain name with practical guidance on brand relevance, spelling, length, extensions, future growth and consistency.",140
index.html,home,/,Commercial,Zamm Devolopers,website development company Chennai | web development company Chennai | custom website design Chennai | SEO-friendly websites | landing page development Chennai | ecommerce website development Chennai,Zamm Devolopers | Website Development Company in Chennai,56,"Zamm Devolopers builds custom, responsive and SEO-friendly websites, landing pages and ecommerce stores for businesses in Chennai and across India.",147
is-a-website-better-than-social-media.html,article,/is-a-website-better-than-social-media.html,Informational,Is a website better than social media?,business website guide | website development Chennai | Zamm Devolopers,Is a website better than social media? | Zamm Devolopers,56,A website and social media serve different purposes; businesses usually gain the strongest presence by using both together.,123
landing-page-development.html,service,/landing-page-development.html,Commercial,Landing Page Development Company in Chennai,Landing Page Development Company Chennai | website company Chennai | custom business website | responsive website development | SEO-friendly website services,Landing Page Development Company in Chennai | Zamm,50,"Launch a focused, mobile-responsive landing page for Google Ads, campaigns, products or lead generation with Zamm Devolopers in Chennai.",136
landing-page-for-google-ads-guide.html,article,/landing-page-for-google-ads-guide.html,Informational,Google Ads Landing Page Planning Guide,business website guide | website development Chennai | Zamm Devolopers | SEO guide for small business | search engine optimization Chennai | landing page development Chennai | Google Ads landing page,Google Ads Landing Page Planning Guide | Zamm,45,"Plan a focused Google Ads landing page with message relevance, clear benefits, proof, mobile design, fast loading and strong enquiry actions.",141
local-seo-basics-for-small-business.html,article,/local-seo-basics-for-small-business.html,Informational,Local SEO Basics for Small Businesses,business website guide | website development Chennai | Zamm Devolopers | SEO guide for small business | search engine optimization Chennai,Local SEO Basics for Small Businesses | Zamm,44,"Learn practical local SEO basics including consistent business details, location pages, Google Business Profiles, reviews and useful local content.",147
meta-title-and-description-guide.html,article,/meta-title-and-description-guide.html,Informational,Meta Title and Description Writing Guide,business website guide | website development Chennai | Zamm Devolopers,Meta Title and Description Writing Guide | Zamm,47,"Write clearer SEO meta titles and descriptions with guidance on relevance, keywords, length, uniqueness, locations and click-focused wording.",141
seo-friendly-website-checklist.html,article,/seo-friendly-website-checklist.html,Informational,SEO-Friendly Website Checklist,business website guide | website development Chennai | Zamm Devolopers | SEO guide for small business | search engine optimization Chennai,SEO-Friendly Website Checklist | Zamm Devolopers,48,"Use this practical SEO website checklist covering titles, headings, useful content, internal links, mobile usability, speed, images and technical access.",153
seo-optimization.html,service,/seo-optimization.html,Commercial,SEO Services in Chennai for Business Websites,SEO Services Chennai for Business Websites | website company Chennai | custom business website | responsive website development | SEO-friendly website services,SEO Services in Chennai for Business Websites | Zamm,52,"Improve rankings, crawlability, local relevance, page structure and content clarity with practical SEO services from Zamm Devolopers in Chennai.",144
services.html,services,/services.html,Commercial,Website Development Services in Chennai,Zamm Devolopers | website development Chennai | SEO-friendly website company,Website Development Services in Chennai | Zamm Devolopers,57,"Explore website development, SEO, landing page, Google Business, ecommerce, redesign and maintenance services from Zamm Devolopers in Chennai.",142
signs-your-website-needs-redesign.html,article,/signs-your-website-needs-redesign.html,Informational,Signs Your Website Needs a Redesign,business website guide | website development Chennai | Zamm Devolopers,Signs Your Website Needs a Redesign | Zamm,42,"Identify the common signs that a business website needs redesigning, including poor mobile usability, outdated visuals, slow pages and weak enquiry paths.",154
website-content-checklist-for-businesses.html,article,/website-content-checklist-for-businesses.html,Informational,Business Website Content Checklist,business website guide | website development Chennai | Zamm Devolopers,Business Website Content Checklist | Zamm,41,"Prepare website content efficiently with a checklist for company information, services, products, photos, reviews, contact details and calls to action.",151
website-development.html,service,/website-development.html,Commercial,Website Development Company in Chennai,Website Development Company Chennai | website company Chennai | custom business website | responsive website development | SEO-friendly website services,Website Development Company in Chennai | Zamm Devolopers,56,"Get a custom, mobile-responsive and SEO-ready business website from Zamm Devolopers, a website development company in Chennai serving clients across India.",155
website-redesign-maintenance.html,service,/website-redesign-maintenance.html,Commercial,Website Redesign & Maintenance Services Chennai,website company Chennai | custom business website | responsive website development | SEO-friendly website services,Website Redesign & Maintenance Services Chennai | Zamm,54,"Improve an outdated or underperforming website with responsive redesign, content updates, speed checks and maintenance support from Zamm Devolopers.",148
website-speed-and-business-conversions.html,article,/website-speed-and-business-conversions.html,Informational,Website Speed and Business Conversions,business website guide | website development Chennai | Zamm Devolopers,Website Speed and Business Conversions | Zamm,45,"Understand how slow website pages affect customer trust, mobile usability and enquiries, and learn practical ways to improve performance.",137
website-trust-signals-for-customers.html,article,/website-trust-signals-for-customers.html,Informational,Website Trust Signals That Increase Enquiries,business website guide | website development Chennai | Zamm Devolopers,Website Trust Signals That Increase Enquiries | Zamm,52,"Add meaningful website trust signals such as real contact details, project proof, reviews, certificates, policies and clear business information.",145
what-is-a-cms-website.html,article,/what-is-a-cms-website.html,Informational,What is a CMS website?,business website guide | website development Chennai | Zamm Devolopers,What is a CMS website? | Zamm Devolopers,40,"A CMS website uses a content management system that allows authorized users to update pages, posts and media through an administrative interface.",145
what-is-a-domain-name.html,article,/what-is-a-domain-name.html,Informational,What Is a Domain Name? Business Guide,business website guide | website development Chennai | Zamm Devolopers,What Is a Domain Name? Business Guide | Zamm,44,"Learn what a domain name is, how it connects visitors to a website, why businesses need one and how to choose a clear, trustworthy domain.",138
what-is-a-landing-page.html,article,/what-is-a-landing-page.html,Informational,What Is a Landing Page? Business Guide,business website guide | website development Chennai | Zamm Devolopers | landing page development Chennai | Google Ads landing page,What Is a Landing Page? Business Guide | Zamm,45,"Learn what a landing page is, how it supports advertising and lead generation, and when a focused campaign page is better than a full website.",142
what-is-a-website.html,article,/what-is-a-website.html,Informational,What is a website?,business website guide | website development Chennai | Zamm Devolopers,What is a website? | Zamm Devolopers,36,A website is a collection of connected web pages and resources that people can access through a domain name using a web browser.,128
what-is-an-ecommerce-website.html,article,/what-is-an-ecommerce-website.html,Informational,What is an e-commerce website?,business website guide | website development Chennai | Zamm Devolopers | ecommerce website development Chennai | online store development,What is an e-commerce website? | Zamm Devolopers,48,"An e-commerce website is an online store where customers can browse products, place orders and complete purchases or enquiries.",127
what-is-an-ssl-certificate.html,article,/what-is-an-ssl-certificate.html,Informational,What Is an SSL Certificate? Website Guide,business website guide | website development Chennai | Zamm Devolopers,What Is an SSL Certificate? Website Guide | Zamm,48,"Learn what an SSL certificate does, why HTTPS protects visitor data, how it builds trust and why every modern business website should use one.",142
what-is-local-seo.html,article,/what-is-local-seo.html,Informational,What Is Local SEO? Small Business Guide,business website guide | website development Chennai | Zamm Devolopers | SEO guide for small business | search engine optimization Chennai,What Is Local SEO? Small Business Guide | Zamm,46,"Learn how local SEO helps nearby customers find a business through Google Search, Maps, location pages, reviews and consistent company information.",147
what-is-responsive-web-design.html,article,/what-is-responsive-web-design.html,Informational,What is responsive web design?,business website guide | website development Chennai | Zamm Devolopers,What is responsive web design? | Zamm Devolopers,48,"Responsive web design allows a website layout to adapt to different screen sizes, including phones, tablets and computers.",122
what-is-seo.html,article,/what-is-seo.html,Informational,What is SEO?,business website guide | website development Chennai | Zamm Devolopers | SEO guide for small business | search engine optimization Chennai,What is SEO? | Zamm Devolopers,30,"SEO, or search engine optimization, is the process of improving a website so search engines can understand it and relevant users can discover it.",145
what-is-web-design.html,article,/what-is-web-design.html,Informational,What Is Web Design? Business Website Guide,business website guide | website development Chennai | Zamm Devolopers,What Is Web Design? Business Website Guide | Zamm,49,"Learn what web design includes, how layout, typography, colour, navigation and mobile usability shape a professional business website experience.",145
what-is-web-hosting.html,article,/what-is-web-hosting.html,Informational,What Is Web Hosting? Business Website Guide,business website guide | website development Chennai | Zamm Devolopers,What Is Web Hosting? Business Website Guide | Zamm,50,"Learn what web hosting is, how it stores and serves website files, which hosting factors matter and how hosting affects speed, security and uptime.",147
what-is-website-development.html,article,/what-is-website-development.html,Informational,What is website development?,business website guide | website development Chennai | Zamm Devolopers,What is website development? | Zamm Devolopers,46,"Website development is the process of planning, building, testing and launching the technical structure and functions of a website.",131
what-is-website-maintenance.html,article,/what-is-website-maintenance.html,Informational,What is website maintenance?,business website guide | website development Chennai | Zamm Devolopers,What is website maintenance? | Zamm Devolopers,46,"Website maintenance is the ongoing work required to keep a website accurate, secure, functional and effective after launch.",123
what-makes-a-website-trustworthy.html,article,/what-makes-a-website-trustworthy.html,Informational,What makes a website trustworthy?,business website guide | website development Chennai | Zamm Devolopers,What makes a website trustworthy? | Zamm Devolopers,51,"A trustworthy website is clear, accurate, secure, professional and supported by visible proof and genuine contact information.",126
what-pages-should-a-business-website-include.html,article,/what-pages-should-a-business-website-include.html,Informational,What pages should a business website include?,business website guide | website development Chennai | Zamm Devolopers,What pages should a business website include? | Zamm Devolopers,63,"Most business websites should include Home, About, Services or Products, Contact, proof, FAQs and appropriate legal pages.",122
why-does-a-business-need-a-website.html,article,/why-does-a-business-need-a-website.html,Informational,Why does a business need a website?,business website guide | website development Chennai | Zamm Devolopers,Why does a business need a website? | Zamm Devolopers,53,"A business needs a website to present reliable information, build trust and turn online interest into enquiries, visits or sales.",129
why-is-my-website-not-ranking-on-google.html,article,/why-is-my-website-not-ranking-on-google.html,Informational,Why is my website not ranking on Google?,business website guide | website development Chennai | Zamm Devolopers | SEO guide for small business | search engine optimization Chennai,Why is my website not ranking on Google? | Zamm Devolopers,58,"A website may not rank because it is new, poorly indexed, technically weak, unclear, less useful than competitors or lacking authority.",135
why-mobile-responsive-web-design-matters.html,article,/why-mobile-responsive-web-design-matters.html,Informational,Mobile-Responsive Web Design Guide,business website guide | website development Chennai | Zamm Devolopers,Mobile-Responsive Web Design Guide | Zamm Devolopers,52,"Learn why responsive web design matters for mobile visitors, usability, page speed, calls to action and the technical foundations of search visibility.",151
why-website-maintenance-matters.html,article,/why-website-maintenance-matters.html,Informational,Why Website Maintenance Matters,business website guide | website development Chennai | Zamm Devolopers,Why Website Maintenance Matters | Zamm,38,"Learn why regular website maintenance is important for accurate content, working forms, security, performance, backups and customer trust.",138
